{"cameraMode":{"drawMode":0,"name":"Shaded","section":"Shading Mode"},"sceneLighting":false,"audioPlay":false,"sceneViewState":{"m_AlwaysRefresh":false,"showFog":true,"showSkybox":false,"showFlares":true,"showImageEffects":true,"showParticleSystems":true,"showVisualEffectGraphs":true,"m_FxEnabled":true},"in2DMode":false,"pivot":{"x":-0.14464044570922852,"y":-0.20329494774341584,"z":0.41576531529426577},"rotation":{"x":0.19861207902431489,"y":-0.06580556929111481,"z":0.01336685847491026,"w":0.9777752757072449},"size":1.6072747707366944,"orthographic":false}